{
  "input_file": "/nvmedata/data/layer1_delta_20260501.txt",
  "file_size_bytes": 24874182348,
  "phase_a_seconds": 184.73734329640865,
  "phase_b_seconds": 152.343963958323,
  "counts": {
    "rows_parsed": 859988,
    "rows_skipped_format_error": 0,
    "messages_per_row_histogram": {
      "2": 859988
    },
    "roles_histogram": {
      "system": 859988,
      "user": 859988
    }
  },
  "char_distribution": {
    "system_content_chars": {
      "count": 859988,
      "unit": "chars",
      "min": 3345,
      "p10": 3345,
      "p25": 3345,
      "p50": 3345,
      "p75": 3345,
      "p90": 3345,
      "p95": 3345,
      "p99": 3345,
      "p99_9": 3345,
      "max": 3345,
      "mean": 3345.0,
      "stdev": 0.0,
      "sum": 2876659860
    },
    "user_content_chars": {
      "count": 859988,
      "unit": "chars",
      "min": 265,
      "p10": 909,
      "p25": 2827,
      "p50": 9917,
      "p75": 28315,
      "p90": 59464,
      "p95": 87491,
      "p99": 168629,
      "p99_9": 298816,
      "max": 1103343,
      "mean": 22817.58695353889,
      "stdev": 34721.33012994577,
      "sum": 19622850969
    },
    "total_content_chars": {
      "count": 859988,
      "unit": "chars",
      "min": 3610,
      "p10": 4254,
      "p25": 6172,
      "p50": 13262,
      "p75": 31660,
      "p90": 62809,
      "p95": 90836,
      "p99": 171974,
      "p99_9": 302161,
      "max": 1106688,
      "mean": 26162.58695353889,
      "stdev": 34721.33012994577,
      "sum": 22499510829
    }
  },
  "token_distribution_sample": {
    "sample_size": 10000,
    "tokens_per_prompt_formatted": {
      "count": 10000,
      "unit": "tokens",
      "min": 970,
      "p10": 1152,
      "p25": 1669,
      "p50": 3479,
      "p75": 8467,
      "p90": 16650,
      "p95": 24352,
      "p99": 46703,
      "p99_9": 80983,
      "max": 117043,
      "mean": 6958.7548,
      "stdev": 9323.219024509446,
      "sum": 69587548
    },
    "formatted_string_chars": {
      "count": 10000,
      "unit": "chars",
      "min": 3704,
      "p10": 4386,
      "p25": 6345,
      "p50": 13278,
      "p75": 32195,
      "p90": 63203,
      "p95": 92904,
      "p99": 176923,
      "p99_9": 293870,
      "max": 404454,
      "mean": 26402.9155,
      "stdev": 35017.99906584066,
      "sum": 264029155
    },
    "chars_per_token_ratio": {
      "count": 10000,
      "unit": "chars/token",
      "min": 2.6327714838353136,
      "p10": 3.683599419448476,
      "p25": 3.763440860215054,
      "p50": 3.817067973577669,
      "p75": 3.868797308662742,
      "p90": 3.9221350078492936,
      "p95": 3.9568055555555555,
      "p99": 4.027919721543361,
      "p99_9": 4.136424036615975,
      "max": 4.369420362542094,
      "mean": 3.8067892488958663,
      "stdev": 0.11118823094326653,
      "sum": 38067.89248895845
    }
  }
}